,mae,mae,mae,mae,mse,mse,mse,mse,rmse,rmse,rmse,rmse,r2,r2,r2,r2,smape,smape,smape,smape
,mean,std,min,max,mean,std,min,max,mean,std,min,max,mean,std,min,max,mean,std,min,max
config,,,,,,,,,,,,,,,,,,,,
config_1_tweedie_high_horizon,0.4036618358245578,0.7175218399903878,0.011611689716692268,3.4192138343554315,2.284570238237454,9.479653376902647,0.00026842078865555775,45.6558894328571,0.6477317054315428,1.3963478198561188,0.01638355238205554,6.75691419457559,-0.9643225930016708,1.952094341620982,-9.183274598450573,0.5098454162690137,88.93634967142813,20.454198038110977,47.5861346506081,122.04274944582312
config_2_mae_moderate_horizon,0.5302656476521089,1.4161551888088104,0.0118149568043601,6.933458110428183,16.707007297074213,78.93256334845675,0.0003199174262474779,378.7896810674653,1.1761268754825327,4.002532471087204,0.017886235664540426,19.46251990538392,-4.022121349546957,17.33158922458352,-83.48678550096373,0.3279713221960323,86.74666400130583,17.55901572481859,53.32406262591118,118.44388310779121
config_3_mae_simple_horizon,0.28719534842027455,0.330631143115498,0.01414908371034531,1.4575115413022801,0.3827276490810528,0.9802365657133291,0.00039465642157715964,4.6111530984356754,0.39968083453903064,0.48282343047830484,0.019865961380642005,2.1473595643104755,-1.8926008748072534,6.572385048973994,-31.658684285406565,0.5038349945200363,98.76641269643504,19.47254361606937,61.1629612912441,144.42743111573512
